"time","y","series_id","trend","seasonality","noise"
1,98.8790487068956,1,"NT","NS","Low"
2,99.5396450210334,1,"NT","NS","Low"
3,103.117416628298,1,"NT","NS","Low"
4,100.141016782849,1,"NT","NS","Low"
5,100.258575470322,1,"NT","NS","Low"
6,103.430129973767,1,"NT","NS","Low"
7,100.921832411978,1,"NT","NS","Low"
8,97.4698775307869,1,"NT","NS","Low"
9,98.626294296213,1,"NT","NS","Low"
10,99.1086760598001,1,"NT","NS","Low"
11,102.448163594879,1,"NT","NS","Low"
12,100.719627654115,1,"NT","NS","Low"
13,100.801542901188,1,"NT","NS","Low"
14,100.22136543189,1,"NT","NS","Low"
15,98.8883177304918,1,"NT","NS","Low"
16,103.573826273606,1,"NT","NS","Low"
17,100.995700956458,1,"NT","NS","Low"
18,96.0667656867407,1,"NT","NS","Low"
19,101.402711803127,1,"NT","NS","Low"
20,99.0544171845441,1,"NT","NS","Low"
21,97.8643525880263,1,"NT","NS","Low"
22,99.5640501706834,1,"NT","NS","Low"
23,97.9479911033855,1,"NT","NS","Low"
24,98.5422175414177,1,"NT","NS","Low"
25,98.7499214643015,1,"NT","NS","Low"
26,96.6266133785152,1,"NT","NS","Low"
27,101.675574088989,1,"NT","NS","Low"
28,100.306746235673,1,"NT","NS","Low"
29,97.7237261259761,1,"NT","NS","Low"
30,102.50762984214,1,"NT","NS","Low"
31,100.852928442954,1,"NT","NS","Low"
32,99.4098570340155,1,"NT","NS","Low"
33,101.79025132209,1,"NT","NS","Low"
34,101.756266975066,1,"NT","NS","Low"
35,101.643162163275,1,"NT","NS","Low"
36,101.3772805082,1,"NT","NS","Low"
37,101.107835307075,1,"NT","NS","Low"
38,99.8761765788466,1,"NT","NS","Low"
39,99.3880746725202,1,"NT","NS","Low"
40,99.2390579979752,1,"NT","NS","Low"
41,98.610586042159,1,"NT","NS","Low"
42,99.5841654439608,1,"NT","NS","Low"
43,97.4692072968635,1,"NT","NS","Low"
44,104.337911930677,1,"NT","NS","Low"
45,102.41592399661,1,"NT","NS","Low"
46,97.7537828335933,1,"NT","NS","Low"
47,99.1942303294018,1,"NT","NS","Low"
48,99.0666892927536,1,"NT","NS","Low"
49,101.559930236673,1,"NT","NS","Low"
50,99.8332618670563,1,"NT","NS","Low"
51,100.50663702799,1,"NT","NS","Low"
52,99.9429064893026,1,"NT","NS","Low"
1,99.9142590854174,2,"NT","NS","Low"
2,102.737204568029,2,"NT","NS","Low"
3,99.5484580286815,2,"NT","NS","Low"
4,103.032941208859,2,"NT","NS","Low"
5,96.9024943915396,2,"NT","NS","Low"
6,101.169227499272,2,"NT","NS","Low"
7,100.247708487689,2,"NT","NS","Low"
8,100.431883137488,2,"NT","NS","Low"
9,100.75927896552,2,"NT","NS","Low"
10,98.9953530937814,2,"NT","NS","Low"
11,99.3335852326612,2,"NT","NS","Low"
12,97.9628492337858,2,"NT","NS","Low"
13,97.8564175470488,2,"NT","NS","Low"
14,100.607057282809,2,"NT","NS","Low"
15,100.896419557259,2,"NT","NS","Low"
16,100.106008453461,2,"NT","NS","Low"
17,101.844534935759,2,"NT","NS","Low"
18,104.100169371254,2,"NT","NS","Low"
19,99.0179376678869,2,"NT","NS","Low"
20,95.3816622487184,2,"NT","NS","Low"
21,102.011477048925,2,"NT","NS","Low"
22,98.5815984748352,2,"NT","NS","Low"
23,98.6239827670653,2,"NT","NS","Low"
24,102.051142739393,2,"NT","NS","Low"
25,99.430453985898,2,"NT","NS","Low"
26,97.5585645754909,2,"NT","NS","Low"
27,100.362606959498,2,"NT","NS","Low"
28,99.7222172751219,2,"NT","NS","Low"
29,100.0115283718,2,"NT","NS","Low"
30,100.770560802253,2,"NT","NS","Low"
31,99.2586799364152,2,"NT","NS","Low"
32,101.288753097038,2,"NT","NS","Low"
33,99.5590268763625,2,"NT","NS","Low"
34,100.663563927831,2,"NT","NS","Low"
35,102.193678026299,2,"NT","NS","Low"
36,100.870362981668,2,"NT","NS","Low"
37,99.3481368289375,2,"NT","NS","Low"
38,102.297615236902,2,"NT","NS","Low"
39,101.987007711924,2,"NT","NS","Low"
40,101.096793919016,2,"NT","NS","Low"
41,100.477463470223,2,"NT","NS","Low"
42,98.7441878479213,2,"NT","NS","Low"
43,102.72130489706,2,"NT","NS","Low"
44,98.7994808257057,2,"NT","NS","Low"
45,104.374665986033,2,"NT","NS","Low"
46,103.06522125237,2,"NT","NS","Low"
47,99.528599281799,2,"NT","NS","Low"
48,97.9471581993864,2,"NT","NS","Low"
49,98.5791868726014,2,"NT","NS","Low"
50,100.513767418313,2,"NT","NS","Low"
51,99.5066162430753,2,"NT","NS","Low"
52,99.3049148012045,2,"NT","NS","Low"
1,118.09676286547,3,"NT","S","Low"
2,99.9099445503822,3,"NT","S","Low"
3,78.4301910610858,3,"NT","S","Low"
4,96.6641161268237,3,"NT","S","Low"
5,119.239546959424,3,"NT","S","Low"
6,101.837993218122,3,"NT","S","Low"
7,78.8493060747832,3,"NT","S","Low"
8,101.21592864445,3,"NT","S","Low"
9,116.764234583422,3,"NT","S","Low"
10,99.888876068951,3,"NT","S","Low"
11,81.0388144078869,3,"NT","S","Low"
12,100.602306724333,3,"NT","S","Low"
13,120.211352388298,3,"NT","S","Low"
14,98.7185879833893,3,"NT","S","Low"
15,78.3005913079328,3,"NT","S","Low"
16,97.9517424187901,3,"NT","S","Low"
17,120.2352931942,3,"NT","S","Low"
18,98.1050507716304,3,"NT","S","Low"
19,79.0188851125987,3,"NT","S","Low"
20,99.4878156156035,3,"NT","S","Low"
21,123.687724010464,3,"NT","S","Low"
22,98.6961001966092,3,"NT","S","Low"
23,80.4707731445697,3,"NT","S","Low"
24,100.155921699127,3,"NT","S","Low"
25,118.07628673174,3,"NT","S","Low"
26,99.8573838277528,3,"NT","S","Low"
27,82.8891017168467,3,"NT","S","Low"
28,100.903008106158,3,"NT","S","Low"
29,120.082465843986,3,"NT","S","Low"
30,99.1550063353209,3,"NT","S","Low"
31,75.893505556919,3,"NT","S","Low"
32,102.262674426828,3,"NT","S","Low"
33,117.07871985815,3,"NT","S","Low"
34,101.479895021755,3,"NT","S","Low"
35,83.818207138435,3,"NT","S","Low"
36,97.1122136780564,3,"NT","S","Low"
37,121.403568670749,3,"NT","S","Low"
38,99.4756050211952,3,"NT","S","Low"
39,76.855711681709,3,"NT","S","Low"
40,96.9706646924365,3,"NT","S","Low"
41,116.796927652851,3,"NT","S","Low"
42,98.9381869556594,3,"NT","S","Low"
43,77.0764888300082,3,"NT","S","Low"
44,101.375833545951,3,"NT","S","Low"
45,124.200217881051,3,"NT","S","Low"
46,97.4259390479298,3,"NT","S","Low"
47,81.5754776949504,3,"NT","S","Low"
48,101.538084482002,3,"NT","S","Low"
49,120.6644051579,3,"NT","S","Low"
50,97.983246783446,3,"NT","S","Low"
51,79.7610947867387,3,"NT","S","Low"
52,99.4392093296596,3,"NT","S","Low"
1,121.125979066441,4,"NT","S","Low"
2,99.2551224877923,4,"NT","S","Low"
3,81.9539467733712,4,"NT","S","Low"
4,99.250838284466,4,"NT","S","Low"
5,122.105422931159,4,"NT","S","Low"
6,97.9016459866679,4,"NT","S","Low"
7,77.4796895104838,4,"NT","S","Low"
8,106.482079869885,4,"NT","S","Low"
9,119.166284823679,4,"NT","S","Low"
10,100.596455183081,4,"NT","S","Low"
11,81.2731393480677,4,"NT","S","Low"
12,99.0324387485825,4,"NT","S","Low"
13,121.033724088627,4,"NT","S","Low"
14,100.73792905477,4,"NT","S","Low"
15,79.5692389847166,4,"NT","S","Low"
16,100.130586067051,4,"NT","S","Low"
17,119.931865492523,4,"NT","S","Low"
18,104.256903798032,4,"NT","S","Low"
19,78.5173278074543,4,"NT","S","Low"
20,97.8080074658507,4,"NT","S","Low"
21,120.075576798342,4,"NT","S","Low"
22,100.620961498886,4,"NT","S","Low"
23,80.8730469578204,4,"NT","S","Low"
24,99.0832693345778,4,"NT","S","Low"
25,117.873347732058,4,"NT","S","Low"
26,102.526370352179,4,"NT","S","Low"
27,79.3006992240929,4,"NT","S","Low"
28,98.2689742746932,4,"NT","S","Low"
29,119.527440862118,4,"NT","S","Low"
30,99.605648211303,4,"NT","S","Low"
31,82.2198405794273,4,"NT","S","Low"
32,100.169474584394,4,"NT","S","Low"
33,121.508107570369,4,"NT","S","Low"
34,99.0014159656555,4,"NT","S","Low"
35,80.4288906191632,4,"NT","S","Low"
36,99.3506281770183,4,"NT","S","Low"
37,120.189167056347,4,"NT","S","Low"
38,98.209273284045,4,"NT","S","Low"
39,77.378396933344,4,"NT","S","Low"
40,103.994426769496,4,"NT","S","Low"
41,121.201417647345,4,"NT","S","Low"
42,97.4974572767501,4,"NT","S","Low"
43,78.7776681666392,4,"NT","S","Low"
44,97.6290398308052,4,"NT","S","Low"
45,124.397620697767,4,"NT","S","Low"
46,102.624825952867,4,"NT","S","Low"
47,79.4697098866073,4,"NT","S","Low"
48,101.086388118464,4,"NT","S","Low"
49,119.171320104162,4,"NT","S","Low"
50,99.0475062107688,4,"NT","S","Low"
51,78.4227943242995,4,"NT","S","Low"
52,98.8107654650811,4,"NT","S","Low"
1,103.801814934673,5,"UT","NS","Low"
2,100.891943749829,5,"UT","NS","Low"
3,101.738490472855,5,"UT","NS","Low"
4,102.487374859198,5,"UT","NS","Low"
5,104.964951756971,5,"UT","NS","Low"
6,101.96787233811,5,"UT","NS","Low"
7,101.514985699216,5,"UT","NS","Low"
8,107.351393864806,5,"UT","NS","Low"
9,103.617673566189,5,"UT","NS","Low"
10,103.55386806012,5,"UT","NS","Low"
11,103.027453762233,5,"UT","NS","Low"
12,103.430568555364,5,"UT","NS","Low"
13,105.352053041404,5,"UT","NS","Low"
14,108.235971634333,5,"UT","NS","Low"
15,109.719696277859,5,"UT","NS","Low"
16,109.415176707671,5,"UT","NS","Low"
17,107.77268540581,5,"UT","NS","Low"
18,109.119499874769,5,"UT","NS","Low"
19,108.09080707264,5,"UT","NS","Low"
20,108.565563676852,5,"UT","NS","Low"
21,112.269300997954,5,"UT","NS","Low"
22,108.968814842793,5,"UT","NS","Low"
23,115.410587930985,5,"UT","NS","Low"
24,111.819360812068,5,"UT","NS","Low"
25,112.929077653258,5,"UT","NS","Low"
26,111.522944590521,5,"UT","NS","Low"
27,112.351222620473,5,"UT","NS","Low"
28,111.36596773539,5,"UT","NS","Low"
29,114.134149223255,5,"UT","NS","Low"
30,115.837964809849,5,"UT","NS","Low"
31,116.148608688323,5,"UT","NS","Low"
32,114.43692702589,5,"UT","NS","Low"
33,114.922756058292,5,"UT","NS","Low"
34,115.995602563314,5,"UT","NS","Low"
35,120.492121339693,5,"UT","NS","Low"
36,115.725392758669,5,"UT","NS","Low"
37,118.14189681124,5,"UT","NS","Low"
38,122.804723643358,5,"UT","NS","Low"
39,119.298050229342,5,"UT","NS","Low"
40,117.280318592357,5,"UT","NS","Low"
41,119.170461129452,5,"UT","NS","Low"
42,121.97091995781,5,"UT","NS","Low"
43,120.74879425666,5,"UT","NS","Low"
44,120.8762472729,5,"UT","NS","Low"
45,121.812165531743,5,"UT","NS","Low"
46,123.180993294278,5,"UT","NS","Low"
47,126.697017542292,5,"UT","NS","Low"
48,123.822869775722,5,"UT","NS","Low"
49,126.661598992303,5,"UT","NS","Low"
50,126.261508231301,5,"UT","NS","Low"
51,125.272720208988,5,"UT","NS","Low"
52,122.934195994219,5,"UT","NS","Low"
1,99.457765364895,6,"UT","NS","Low"
2,100.020259093723,6,"UT","NS","Low"
3,101.594308865523,6,"UT","NS","Low"
4,104.600397355334,6,"UT","NS","Low"
5,107.086157947662,6,"UT","NS","Low"
6,106.095162117968,6,"UT","NS","Low"
7,103.233698071342,6,"UT","NS","Low"
8,100.486945208885,6,"UT","NS","Low"
9,103.722440271857,6,"UT","NS","Low"
10,105.178414446147,6,"UT","NS","Low"
11,107.190026008135,6,"UT","NS","Low"
12,107.925055936969,6,"UT","NS","Low"
13,107.868618858833,6,"UT","NS","Low"
14,104.209451300401,6,"UT","NS","Low"
15,109.199286091267,6,"UT","NS","Low"
16,107.106885567146,6,"UT","NS","Low"
17,108.849605400323,6,"UT","NS","Low"
18,109.149102354347,6,"UT","NS","Low"
19,110.356333529941,6,"UT","NS","Low"
20,110.049349965652,6,"UT","NS","Low"
21,107.165049804829,6,"UT","NS","Low"
22,112.472991929547,6,"UT","NS","Low"
23,112.272053136699,6,"UT","NS","Low"
24,111.468696749444,6,"UT","NS","Low"
25,112.736289022093,6,"UT","NS","Low"
26,113.268077290737,6,"UT","NS","Low"
27,113.942038937122,6,"UT","NS","Low"
28,117.281692331955,6,"UT","NS","Low"
29,114.061899242133,6,"UT","NS","Low"
30,115.336130767769,6,"UT","NS","Low"
31,117.836767746138,6,"UT","NS","Low"
32,118.108362046754,6,"UT","NS","Low"
33,118.790526220761,6,"UT","NS","Low"
34,115.845063997881,6,"UT","NS","Low"
35,121.504965460586,6,"UT","NS","Low"
36,118.13340174186,6,"UT","NS","Low"
37,122.233703689414,6,"UT","NS","Low"
38,116.298194627939,6,"UT","NS","Low"
39,119.541967172708,6,"UT","NS","Low"
40,122.499829141938,6,"UT","NS","Low"
41,119.069515625554,6,"UT","NS","Low"
42,119.494622063565,6,"UT","NS","Low"
43,119.622922592786,6,"UT","NS","Low"
44,119.894973441323,6,"UT","NS","Low"
45,121.625680933639,6,"UT","NS","Low"
46,123.662358345918,6,"UT","NS","Low"
47,119.471579004159,6,"UT","NS","Low"
48,124.423960866745,6,"UT","NS","Low"
49,126.973350092833,6,"UT","NS","Low"
50,129.075148036481,6,"UT","NS","Low"
51,128.102351984401,6,"UT","NS","Low"
52,127.513549527592,6,"UT","NS","Low"
1,117.146539201771,7,"UT","S","Low"
2,99.7969865839864,7,"UT","S","Low"
3,80.4959070868348,7,"UT","S","Low"
4,103.407047805514,7,"UT","S","Low"
5,122.788657331992,7,"UT","S","Low"
6,100.48270274388,7,"UT","S","Low"
7,86.1688714161882,7,"UT","S","Low"
8,105.822782583592,7,"UT","S","Low"
9,125.874860544982,7,"UT","S","Low"
10,107.436217220652,7,"UT","S","Low"
11,81.7224514255301,7,"UT","S","Low"
12,107.32164059558,7,"UT","S","Low"
13,126.754175247373,7,"UT","S","Low"
14,108.367491043701,7,"UT","S","Low"
15,85.8783560906799,7,"UT","S","Low"
16,109.265921426063,7,"UT","S","Low"
17,132.871035230119,7,"UT","S","Low"
18,109.014580180634,7,"UT","S","Low"
19,89.6351172739042,7,"UT","S","Low"
20,107.623131929704,7,"UT","S","Low"
21,131.156791119128,7,"UT","S","Low"
22,114.038435422776,7,"UT","S","Low"
23,89.9547759460479,7,"UT","S","Low"
24,107.895554359133,7,"UT","S","Low"
25,132.271925095835,7,"UT","S","Low"
26,112.598437968822,7,"UT","S","Low"
27,92.531558808669,7,"UT","S","Low"
28,113.79623348857,7,"UT","S","Low"
29,138.648374944041,7,"UT","S","Low"
30,116.918010755576,7,"UT","S","Low"
31,95.7421096577259,7,"UT","S","Low"
32,116.11203346655,7,"UT","S","Low"
33,139.696036187638,7,"UT","S","Low"
34,113.493525281715,7,"UT","S","Low"
35,94.1986551881756,7,"UT","S","Low"
36,116.856299884209,7,"UT","S","Low"
37,140.251980834392,7,"UT","S","Low"
38,118.640187537905,7,"UT","S","Low"
39,97.6298863454873,7,"UT","S","Low"
40,116.014503022623,7,"UT","S","Low"
41,143.745441425589,7,"UT","S","Low"
42,121.233274567165,7,"UT","S","Low"
43,95.4135848598901,7,"UT","S","Low"
44,122.667805884998,7,"UT","S","Low"
45,147.822859841231,7,"UT","S","Low"
46,122.933927681448,7,"UT","S","Low"
47,93.86820361248,7,"UT","S","Low"
48,129.142916291733,7,"UT","S","Low"
49,148.989401485064,7,"UT","S","Low"
50,126.302386563175,7,"UT","S","Low"
51,100.947532982073,7,"UT","S","Low"
52,128.049346469637,7,"UT","S","Low"
1,122.235318892748,8,"UT","S","Low"
2,100.580413657543,8,"UT","S","Low"
3,81.956335544417,8,"UT","S","Low"
4,100.109182337752,8,"UT","S","Low"
5,124.713846021799,8,"UT","S","Low"
6,102.077923322231,8,"UT","S","Low"
7,87.6335467075764,8,"UT","S","Low"
8,100.697902208624,8,"UT","S","Low"
9,124.472025514068,8,"UT","S","Low"
10,106.650759725519,8,"UT","S","Low"
11,85.4202650937573,8,"UT","S","Low"
12,104.82103792297,8,"UT","S","Low"
13,125.806438515585,8,"UT","S","Low"
14,107.288951409421,8,"UT","S","Low"
15,85.9713851736662,8,"UT","S","Low"
16,104.419437525472,8,"UT","S","Low"
17,130.269102134268,8,"UT","S","Low"
18,109.380460631385,8,"UT","S","Low"
19,87.9494527939637,8,"UT","S","Low"
20,107.889965914795,8,"UT","S","Low"
21,133.552266556605,8,"UT","S","Low"
22,113.757140273919,8,"UT","S","Low"
23,90.1124728063596,8,"UT","S","Low"
24,109.728823059251,8,"UT","S","Low"
25,134.128709060616,8,"UT","S","Low"
26,113.692207239107,8,"UT","S","Low"
27,89.5059087373635,8,"UT","S","Low"
28,109.684707329969,8,"UT","S","Low"
29,139.168501640056,8,"UT","S","Low"
30,113.341044776751,8,"UT","S","Low"
31,91.2528794584634,8,"UT","S","Low"
32,119.007801218009,8,"UT","S","Low"
33,138.251710140789,8,"UT","S","Low"
34,118.691463080379,8,"UT","S","Low"
35,91.4786342423624,8,"UT","S","Low"
36,117.290915193852,8,"UT","S","Low"
37,142.052887961727,8,"UT","S","Low"
38,116.662697151151,8,"UT","S","Low"
39,94.3305034701822,8,"UT","S","Low"
40,119.942316894143,8,"UT","S","Low"
41,145.941391937468,8,"UT","S","Low"
42,117.69890691315,8,"UT","S","Low"
43,96.5004915215775,8,"UT","S","Low"
44,123.512812877091,8,"UT","S","Low"
45,145.922381680045,8,"UT","S","Low"
46,123.454583843346,8,"UT","S","Low"
47,99.7844571401289,8,"UT","S","Low"
48,124.535670030663,8,"UT","S","Low"
49,150.706515358943,8,"UT","S","Low"
50,124.754582678045,8,"UT","S","Low"
51,99.5726469728158,8,"UT","S","Low"
52,120.713702095942,8,"UT","S","Low"
1,99.314117963041,9,"DT","NS","Low"
2,99.86056939272,9,"DT","NS","Low"
3,99.5707976817363,9,"DT","NS","Low"
4,96.8894432973735,9,"DT","NS","Low"
5,101.05900581955,9,"DT","NS","Low"
6,97.5728488392576,9,"DT","NS","Low"
7,96.7526317169178,9,"DT","NS","Low"
8,98.544533558937,9,"DT","NS","Low"
9,94.0630675573615,9,"DT","NS","Low"
10,94.0993227521506,9,"DT","NS","Low"
11,99.2949049600995,9,"DT","NS","Low"
12,94.0222583744418,9,"DT","NS","Low"
13,96.7671368428166,9,"DT","NS","Low"
14,90.122986710171,9,"DT","NS","Low"
15,92.1189663959142,9,"DT","NS","Low"
16,92.7568478072737,9,"DT","NS","Low"
17,92.1000770904116,9,"DT","NS","Low"
18,88.9887274809783,9,"DT","NS","Low"
19,90.5385185492507,9,"DT","NS","Low"
20,87.845158693776,9,"DT","NS","Low"
21,90.9254066504886,9,"DT","NS","Low"
22,91.1695501797213,9,"DT","NS","Low"
23,84.0500246070252,9,"DT","NS","Low"
24,90.4713869246003,9,"DT","NS","Low"
25,85.017911006383,9,"DT","NS","Low"
26,87.9095385379653,9,"DT","NS","Low"
27,87.8198052762852,9,"DT","NS","Low"
28,85.6002203437971,9,"DT","NS","Low"
29,84.2097720862804,9,"DT","NS","Low"
30,85.3306420424841,9,"DT","NS","Low"
31,85.3776374014289,9,"DT","NS","Low"
32,85.7666056398974,9,"DT","NS","Low"
33,79.3953260321961,9,"DT","NS","Low"
34,79.727241463882,9,"DT","NS","Low"
35,85.3608046823764,9,"DT","NS","Low"
36,84.0932576942231,9,"DT","NS","Low"
37,82.3705778978154,9,"DT","NS","Low"
38,82.4303568142221,9,"DT","NS","Low"
39,82.334349835282,9,"DT","NS","Low"
40,74.6781544030686,9,"DT","NS","Low"
41,81.7205541932776,9,"DT","NS","Low"
42,78.0300248068753,9,"DT","NS","Low"
43,78.9612336612624,9,"DT","NS","Low"
44,77.4096843982328,9,"DT","NS","Low"
45,79.2439299081575,9,"DT","NS","Low"
46,76.3030551020888,9,"DT","NS","Low"
47,77.5370075317765,9,"DT","NS","Low"
48,75.218630042722,9,"DT","NS","Low"
49,73.314425581797,9,"DT","NS","Low"
50,77.4200210208805,9,"DT","NS","Low"
51,75.9818000225486,9,"DT","NS","Low"
52,77.4485244783129,9,"DT","NS","Low"
1,99.6303078651586,10,"DT","NS","Low"
2,101.250005491656,10,"DT","NS","Low"
3,102.450838108038,10,"DT","NS","Low"
4,97.4370357699221,10,"DT","NS","Low"
5,94.8540977744896,10,"DT","NS","Low"
6,96.5212968657238,10,"DT","NS","Low"
7,96.0719175200292,10,"DT","NS","Low"
8,96.3033610090186,10,"DT","NS","Low"
9,98.9246099546386,10,"DT","NS","Low"
10,94.3477122149893,10,"DT","NS","Low"
11,95.2460093116098,10,"DT","NS","Low"
12,93.5446318702089,10,"DT","NS","Low"
13,93.5409014170501,10,"DT","NS","Low"
14,93.6281153270125,10,"DT","NS","Low"
15,95.156429392074,10,"DT","NS","Low"
16,92.2426367549816,10,"DT","NS","Low"
17,92.9256846400622,10,"DT","NS","Low"
18,92.5577200595671,10,"DT","NS","Low"
19,92.3295465417113,10,"DT","NS","Low"
20,88.8512108956312,10,"DT","NS","Low"
21,92.7537624283894,10,"DT","NS","Low"
22,88.238086521412,10,"DT","NS","Low"
23,88.2884316647005,10,"DT","NS","Low"
24,90.8081005354283,10,"DT","NS","Low"
25,90.0881678122912,10,"DT","NS","Low"
26,84.8200162551775,10,"DT","NS","Low"
27,84.7538579991651,10,"DT","NS","Low"
28,83.2838418812588,10,"DT","NS","Low"
29,85.8636943852397,10,"DT","NS","Low"
30,85.3296817358369,10,"DT","NS","Low"
31,85.2282293747101,10,"DT","NS","Low"
32,85.1043154284371,10,"DT","NS","Low"
33,82.29621430803,10,"DT","NS","Low"
34,81.0126028178026,10,"DT","NS","Low"
35,84.5535701121498,10,"DT","NS","Low"
36,83.5021226052126,10,"DT","NS","Low"
37,78.4816669253426,10,"DT","NS","Low"
38,80.8097050983014,10,"DT","NS","Low"
39,78.708104354487,10,"DT","NS","Low"
40,75.8584978589161,10,"DT","NS","Low"
41,79.8002402623763,10,"DT","NS","Low"
42,78.8415765814828,10,"DT","NS","Low"
43,78.3052614649738,10,"DT","NS","Low"
44,78.4323050836025,10,"DT","NS","Low"
45,79.2649303287932,10,"DT","NS","Low"
46,77.4111950089668,10,"DT","NS","Low"
47,75.2671283142529,10,"DT","NS","Low"
48,74.5304014961574,10,"DT","NS","Low"
49,75.2363944139176,10,"DT","NS","Low"
50,75.6200339731579,10,"DT","NS","Low"
51,72.4206392945959,10,"DT","NS","Low"
52,73.6313822623152,10,"DT","NS","Low"
1,121.334534520336,11,"DT","S","Low"
2,98.783439817531,11,"DT","S","Low"
3,77.4031586648112,11,"DT","S","Low"
4,97.4481096631489,11,"DT","S","Low"
5,119.229297090724,11,"DT","S","Low"
6,98.1000879224283,11,"DT","S","Low"
7,79.6733516001632,11,"DT","S","Low"
8,96.2781957143235,11,"DT","S","Low"
9,115.420550192981,11,"DT","S","Low"
10,93.8830861753037,11,"DT","S","Low"
11,76.8107413378607,11,"DT","S","Low"
12,92.9873329156215,11,"DT","S","Low"
13,109.358868990609,11,"DT","S","Low"
14,93.2559859313683,11,"DT","S","Low"
15,77.8917024354629,11,"DT","S","Low"
16,93.6018286791461,11,"DT","S","Low"
17,112.130506779893,11,"DT","S","Low"
18,91.7177114461863,11,"DT","S","Low"
19,71.1828856433676,11,"DT","S","Low"
20,89.5955182897794,11,"DT","S","Low"
21,106.853503786376,11,"DT","S","Low"
22,88.0626004404359,11,"DT","S","Low"
23,72.2083345678594,11,"DT","S","Low"
24,85.6052729952691,11,"DT","S","Low"
25,106.732732264226,11,"DT","S","Low"
26,88.7283049724517,11,"DT","S","Low"
27,66.8027552818625,11,"DT","S","Low"
28,87.278983995801,11,"DT","S","Low"
29,107.460453304689,11,"DT","S","Low"
30,83.8855690361169,11,"DT","S","Low"
31,69.2898084828162,11,"DT","S","Low"
32,82.4355963087611,11,"DT","S","Low"
33,102.421422836406,11,"DT","S","Low"
34,83.4996494398531,11,"DT","S","Low"
35,69.3038307832463,11,"DT","S","Low"
36,79.0820585429261,11,"DT","S","Low"
37,97.6974042277493,11,"DT","S","Low"
38,79.9461496477489,11,"DT","S","Low"
39,64.0054702618474,11,"DT","S","Low"
40,78.740842514628,11,"DT","S","Low"
41,93.73231283893,11,"DT","S","Low"
42,80.1574447492329,11,"DT","S","Low"
43,60.6248385718461,11,"DT","S","Low"
44,80.9680618631124,11,"DT","S","Low"
45,90.6275868293725,11,"DT","S","Low"
46,77.2021583027907,11,"DT","S","Low"
47,62.265978573653,11,"DT","S","Low"
48,77.1734706781852,11,"DT","S","Low"
49,89.9965066722672,11,"DT","S","Low"
50,75.1590039906568,11,"DT","S","Low"
51,61.5225283036194,11,"DT","S","Low"
52,71.0870681658472,11,"DT","S","Low"
1,117.836520576936,12,"DT","S","Low"
2,99.6408046286332,12,"DT","S","Low"
3,77.910436043326,12,"DT","S","Low"
4,100.740007987942,12,"DT","S","Low"
5,118.34650772671,12,"DT","S","Low"
6,97.1443335048295,12,"DT","S","Low"
7,74.1844853649266,12,"DT","S","Low"
8,96.0522004506525,12,"DT","S","Low"
9,113.967168263606,12,"DT","S","Low"
10,94.7953069729588,12,"DT","S","Low"
11,73.2368815458886,12,"DT","S","Low"
12,94.9973160876598,12,"DT","S","Low"
13,110.122087119386,12,"DT","S","Low"
14,92.5475560371152,12,"DT","S","Low"
15,74.7628516589027,12,"DT","S","Low"
16,90.4329684219739,12,"DT","S","Low"
17,110.96598281136,12,"DT","S","Low"
18,88.3669791966966,12,"DT","S","Low"
19,66.7804506420789,12,"DT","S","Low"
20,90.9299359815717,12,"DT","S","Low"
21,109.081079653922,12,"DT","S","Low"
22,88.4283091528173,12,"DT","S","Low"
23,71.8082525091832,12,"DT","S","Low"
24,85.6881669498326,12,"DT","S","Low"
25,104.745702786349,12,"DT","S","Low"
26,83.1169632479187,12,"DT","S","Low"
27,71.562361782877,12,"DT","S","Low"
28,89.7198217230863,12,"DT","S","Low"
29,104.748024520564,12,"DT","S","Low"
30,84.9453060671726,12,"DT","S","Low"
31,67.5333393154482,12,"DT","S","Low"
32,80.9678647536978,12,"DT","S","Low"
33,101.780770687776,12,"DT","S","Low"
34,82.5785316386164,12,"DT","S","Low"
35,64.6865141492779,12,"DT","S","Low"
36,79.1759484146833,12,"DT","S","Low"
37,97.2004750067074,12,"DT","S","Low"
38,79.3018777299667,12,"DT","S","Low"
39,63.6059389593443,12,"DT","S","Low"
40,77.5648000244728,12,"DT","S","Low"
41,98.7751789658914,12,"DT","S","Low"
42,78.967994945584,12,"DT","S","Low"
43,64.9498901545448,12,"DT","S","Low"
44,72.7966006594845,12,"DT","S","Low"
45,92.0936043400103,12,"DT","S","Low"
46,75.649035416816,12,"DT","S","Low"
47,58.7541476412682,12,"DT","S","Low"
48,79.0932183084481,12,"DT","S","Low"
49,87.769436160461,12,"DT","S","Low"
50,75.636780520816,12,"DT","S","Low"
51,61.2928725711594,12,"DT","S","Low"
52,74.3563803768361,12,"DT","S","Low"
1,92.9979561800359,13,"NT","NS","High"
2,107.529326453793,13,"NT","NS","High"
3,101.364704654727,13,"NT","NS","High"
4,91.4920167489437,13,"NT","NS","High"
5,88.8956076191835,13,"NT","NS","High"
6,116.693739475945,13,"NT","NS","High"
7,94.5719748366525,13,"NT","NS","High"
8,85.1554267686557,13,"NT","NS","High"
9,104.266074902029,13,"NT","NS","High"
10,102.481842048487,13,"NT","NS","High"
11,89.1693253142192,13,"NT","NS","High"
12,84.4563486913444,13,"NT","NS","High"
13,99.0695798627312,13,"NT","NS","High"
14,109.115170333675,13,"NT","NS","High"
15,105.088992281457,13,"NT","NS","High"
16,96.0565006067042,13,"NT","NS","High"
17,93.326494147325,13,"NT","NS","High"
18,102.168534054004,13,"NT","NS","High"
19,101.258826777729,13,"NT","NS","High"
20,105.037693973542,13,"NT","NS","High"
21,96.8336163976888,13,"NT","NS","High"
22,107.194832425625,13,"NT","NS","High"
23,93.35350778131,13,"NT","NS","High"
24,97.3556423990403,13,"NT","NS","High"
25,105.926516189807,13,"NT","NS","High"
26,107.919772869017,13,"NT","NS","High"
27,84.491962388373,13,"NT","NS","High"
28,100.857523256129,13,"NT","NS","High"
29,104.870232093877,13,"NT","NS","High"
30,88.393405492075,13,"NT","NS","High"
31,103.845004799002,13,"NT","NS","High"
32,93.3746058368256,13,"NT","NS","High"
33,108.162024097315,13,"NT","NS","High"
34,104.307856256821,13,"NT","NS","High"
35,106.152418359965,13,"NT","NS","High"
36,100.965754634296,13,"NT","NS","High"
37,106.909187473262,13,"NT","NS","High"
38,111.044116226516,13,"NT","NS","High"
39,115.729984123645,13,"NT","NS","High"
40,99.7728395620075,13,"NT","NS","High"
41,82.0075912773408,13,"NT","NS","High"
42,100.252208036752,13,"NT","NS","High"
43,101.6444896676,13,"NT","NS","High"
44,98.7572372228448,13,"NT","NS","High"
45,104.546308966217,13,"NT","NS","High"
46,108.085423716114,13,"NT","NS","High"
47,95.8561405586574,13,"NT","NS","High"
48,97.6472373827511,13,"NT","NS","High"
49,103.182737670403,13,"NT","NS","High"
50,95.5982100680869,13,"NT","NS","High"
51,100.730139067906,13,"NT","NS","High"
52,84.3063392089176,13,"NT","NS","High"
1,91.040802228819,14,"NT","NS","High"
2,89.377956195167,14,"NT","NS","High"
3,93.1710104261821,14,"NT","NS","High"
4,94.4535637765547,14,"NT","NS","High"
5,103.058441140371,14,"NT","NS","High"
6,107.856904020181,14,"NT","NS","High"
7,94.1809317672997,14,"NT","NS","High"
8,92.025288140976,14,"NT","NS","High"
9,91.6664891280839,14,"NT","NS","High"
10,96.6832901890906,14,"NT","NS","High"
11,98.0877674547795,14,"NT","NS","High"
12,103.868940270706,14,"NT","NS","High"
13,97.4294012626529,14,"NT","NS","High"
14,83.3720858491198,14,"NT","NS","High"
15,99.2685257955989,14,"NT","NS","High"
16,109.497494485212,14,"NT","NS","High"
17,109.532810148083,14,"NT","NS","High"
18,93.6882942551102,14,"NT","NS","High"
19,87.6177876508994,14,"NT","NS","High"
20,119.664483934922,14,"NT","NS","High"
21,98.7006244601646,14,"NT","NS","High"
22,99.2203899991551,14,"NT","NS","High"
23,103.364593509585,14,"NT","NS","High"
24,87.087684347047,14,"NT","NS","High"
25,94.1742471104697,14,"NT","NS","High"
26,87.6764607576799,14,"NT","NS","High"
27,94.4552430879152,14,"NT","NS","High"
28,100.950795464036,14,"NT","NS","High"
29,89.0823243361047,14,"NT","NS","High"
30,104.719861434939,14,"NT","NS","High"
31,102.314752230539,14,"NT","NS","High"
32,92.7662797950349,14,"NT","NS","High"
33,101.810599539049,14,"NT","NS","High"
34,105.984649299951,14,"NT","NS","High"
35,108.488762026094,14,"NT","NS","High"
36,98.2972137708278,14,"NT","NS","High"
37,99.2509056487116,14,"NT","NS","High"
38,99.3062869201446,14,"NT","NS","High"
39,111.53169404844,14,"NT","NS","High"
40,109.000575138224,14,"NT","NS","High"
41,106.675212542056,14,"NT","NS","High"
42,97.7012736012745,14,"NT","NS","High"
43,102.985931473331,14,"NT","NS","High"
44,103.226322649766,14,"NT","NS","High"
45,91.6666136456854,14,"NT","NS","High"
46,86.1735638774341,14,"NT","NS","High"
47,105.134640221213,14,"NT","NS","High"
48,87.7655157505566,14,"NT","NS","High"
49,100.013469507874,14,"NT","NS","High"
50,102.001982570787,14,"NT","NS","High"
51,104.510939122447,14,"NT","NS","High"
52,101.515409900118,14,"NT","NS","High"
1,114.137169549623,15,"NT","S","High"
2,107.890926879164,15,"NT","S","High"
3,93.90907013525,15,"NT","S","High"
4,107.049430471404,15,"NT","S","High"
5,104.450792789408,15,"NT","S","High"
6,111.196609483224,15,"NT","S","High"
7,79.5515524305099,15,"NT","S","High"
8,104.199314234554,15,"NT","S","High"
9,124.976265886968,15,"NT","S","High"
10,99.2265114143464,15,"NT","S","High"
11,79.3978944188102,15,"NT","S","High"
12,108.153256554647,15,"NT","S","High"
13,125.69281537989,15,"NT","S","High"
14,107.922097968354,15,"NT","S","High"
15,99.0634135618426,15,"NT","S","High"
16,105.315326909553,15,"NT","S","High"
17,121.659049259082,15,"NT","S","High"
18,82.3149351153951,15,"NT","S","High"
19,101.533712025969,15,"NT","S","High"
20,96.1385854256295,15,"NT","S","High"
21,138.997877720763,15,"NT","S","High"
22,102.99714854404,15,"NT","S","High"
23,92.3074415911744,15,"NT","S","High"
24,99.1223174305901,15,"NT","S","High"
25,124.091766037585,15,"NT","S","High"
26,101.711663837138,15,"NT","S","High"
27,78.511034405012,15,"NT","S","High"
28,99.03684940302,15,"NT","S","High"
29,128.102674686754,15,"NT","S","High"
30,98.3883348242281,15,"NT","S","High"
31,63.6985400444736,15,"NT","S","High"
32,98.4328860093613,15,"NT","S","High"
33,124.31832484429,15,"NT","S","High"
34,104.931645730811,15,"NT","S","High"
35,84.9325425398195,15,"NT","S","High"
36,86.4631878330473,15,"NT","S","High"
37,122.94993646409,15,"NT","S","High"
38,107.742873679577,15,"NT","S","High"
39,90.2126294517413,15,"NT","S","High"
40,98.200309831647,15,"NT","S","High"
41,117.424859310538,15,"NT","S","High"
42,111.902702655024,15,"NT","S","High"
43,66.6565756337654,15,"NT","S","High"
44,96.5053601846948,15,"NT","S","High"
45,123.65969663486,15,"NT","S","High"
46,87.0578098769503,15,"NT","S","High"
47,82.2370228994541,15,"NT","S","High"
48,115.022912168417,15,"NT","S","High"
49,119.967514772509,15,"NT","S","High"
50,97.7723678002913,15,"NT","S","High"
51,83.7992937122724,15,"NT","S","High"
52,97.7674226337016,15,"NT","S","High"
1,126.507202992633,16,"NT","S","High"
2,107.235483715598,16,"NT","S","High"
3,80.021533289841,16,"NT","S","High"
4,90.5864627380022,16,"NT","S","High"
5,109.454234180327,16,"NT","S","High"
6,95.2560210747575,16,"NT","S","High"
7,86.3790440043987,16,"NT","S","High"
8,84.3343586027446,16,"NT","S","High"
9,104.90939873014,16,"NT","S","High"
10,94.7697614019192,16,"NT","S","High"
11,83.1551587838447,16,"NT","S","High"
12,92.69147161468,16,"NT","S","High"
13,127.093992296768,16,"NT","S","High"
14,102.666959761241,16,"NT","S","High"
15,78.6348830540911,16,"NT","S","High"
16,106.550625092254,16,"NT","S","High"
17,123.106921302555,16,"NT","S","High"
18,96.4325197823028,16,"NT","S","High"
19,81.8489194753453,16,"NT","S","High"
20,105.180106863821,16,"NT","S","High"
21,122.850266758896,16,"NT","S","High"
22,94.7359183364043,16,"NT","S","High"
23,86.8416176405135,16,"NT","S","High"
24,109.223489804469,16,"NT","S","High"
25,122.210196452347,16,"NT","S","High"
26,101.152837299697,16,"NT","S","High"
27,79.3949993537613,16,"NT","S","High"
28,117.291326770422,16,"NT","S","High"
29,122.210524257086,16,"NT","S","High"
30,98.7336477704006,16,"NT","S","High"
31,59.936657582422,16,"NT","S","High"
32,87.4777458797557,16,"NT","S","High"
33,119.378614395115,16,"NT","S","High"
34,101.650352358745,16,"NT","S","High"
35,82.2149796708929,16,"NT","S","High"
36,106.572054243589,16,"NT","S","High"
37,118.446780725436,16,"NT","S","High"
38,109.716710355861,16,"NT","S","High"
39,72.6278716570434,16,"NT","S","High"
40,90.3324582364554,16,"NT","S","High"
41,110.168110579569,16,"NT","S","High"
42,105.938376193492,16,"NT","S","High"
43,79.3366404612862,16,"NT","S","High"
44,106.318543374564,16,"NT","S","High"
45,117.858348627543,16,"NT","S","High"
46,95.2648631822976,16,"NT","S","High"
47,77.053179398988,16,"NT","S","High"
48,85.1790654060661,16,"NT","S","High"
49,110.643077916687,16,"NT","S","High"
50,88.4637228291324,16,"NT","S","High"
51,88.4345781758028,16,"NT","S","High"
52,95.2213592690977,16,"NT","S","High"
1,106.815678822321,17,"UT","NS","High"
2,113.131924813536,17,"UT","NS","High"
3,99.9658015271205,17,"UT","NS","High"
4,104.271031250819,17,"UT","NS","High"
5,88.4914598448314,17,"UT","NS","High"
6,96.4506417798416,17,"UT","NS","High"
7,103.949718795063,17,"UT","NS","High"
8,106.392695226689,17,"UT","NS","High"
9,98.4248150616089,17,"UT","NS","High"
10,126.478871993814,17,"UT","NS","High"
11,101.832878887261,17,"UT","NS","High"
12,106.51394845304,17,"UT","NS","High"
13,111.698334937228,17,"UT","NS","High"
14,106.791850921808,17,"UT","NS","High"
15,102.351460903783,17,"UT","NS","High"
16,116.362445311706,17,"UT","NS","High"
17,121.424362585658,17,"UT","NS","High"
18,108.762448231601,17,"UT","NS","High"
19,113.998138763225,17,"UT","NS","High"
20,109.220700011979,17,"UT","NS","High"
21,118.631641741617,17,"UT","NS","High"
22,101.750660845921,17,"UT","NS","High"
23,130.066881791956,17,"UT","NS","High"
24,107.171750017693,17,"UT","NS","High"
25,100.829204684495,17,"UT","NS","High"
26,110.192657382455,17,"UT","NS","High"
27,114.67366787316,17,"UT","NS","High"
28,126.988969661442,17,"UT","NS","High"
29,121.789677414171,17,"UT","NS","High"
30,116.139667456366,17,"UT","NS","High"
31,104.384131808095,17,"UT","NS","High"
32,109.071698042623,17,"UT","NS","High"
33,115.193720542166,17,"UT","NS","High"
34,137.424208907685,17,"UT","NS","High"
35,102.618179406253,17,"UT","NS","High"
36,127.048437214768,17,"UT","NS","High"
37,114.282125942129,17,"UT","NS","High"
38,132.327927199899,17,"UT","NS","High"
39,110.386394880213,17,"UT","NS","High"
40,121.148985877302,17,"UT","NS","High"
41,111.703592466378,17,"UT","NS","High"
42,128.228131410893,17,"UT","NS","High"
43,133.370235909905,17,"UT","NS","High"
44,137.605768051209,17,"UT","NS","High"
45,128.880805260716,17,"UT","NS","High"
46,137.746130036623,17,"UT","NS","High"
47,133.471391269293,17,"UT","NS","High"
48,122.945000705408,17,"UT","NS","High"
49,128.316297906278,17,"UT","NS","High"
50,117.224046308193,17,"UT","NS","High"
51,124.018382644792,17,"UT","NS","High"
52,135.767709666791,17,"UT","NS","High"
1,104.830273147859,18,"UT","NS","High"
2,104.658858653003,18,"UT","NS","High"
3,93.1949516825024,18,"UT","NS","High"
4,97.1638941573271,18,"UT","NS","High"
5,96.3831518899714,18,"UT","NS","High"
6,106.162366960108,18,"UT","NS","High"
7,95.5759389562675,18,"UT","NS","High"
8,108.496331120792,18,"UT","NS","High"
9,95.5686687045317,18,"UT","NS","High"
10,119.628243665083,18,"UT","NS","High"
11,109.184730795825,18,"UT","NS","High"
12,100.391971101974,18,"UT","NS","High"
13,108.42836746001,18,"UT","NS","High"
14,104.180374406176,18,"UT","NS","High"
15,110.469183678077,18,"UT","NS","High"
16,109.948261750082,18,"UT","NS","High"
17,100.387086618708,18,"UT","NS","High"
18,102.669488969444,18,"UT","NS","High"
19,111.896749477917,18,"UT","NS","High"
20,123.112415270012,18,"UT","NS","High"
21,119.176936069367,18,"UT","NS","High"
22,106.003460211055,18,"UT","NS","High"
23,118.10738321318,18,"UT","NS","High"
24,111.61145317795,18,"UT","NS","High"
25,114.910509213747,18,"UT","NS","High"
26,115.082891925892,18,"UT","NS","High"
27,134.103598109787,18,"UT","NS","High"
28,104.517689515302,18,"UT","NS","High"
29,115.307358872103,18,"UT","NS","High"
30,100.760181696259,18,"UT","NS","High"
31,120.21868738367,18,"UT","NS","High"
32,124.772867773771,18,"UT","NS","High"
33,128.065297928809,18,"UT","NS","High"
34,101.598837985303,18,"UT","NS","High"
35,120.802155977552,18,"UT","NS","High"
36,130.746959611069,18,"UT","NS","High"
37,115.187873095662,18,"UT","NS","High"
38,117.302795743344,18,"UT","NS","High"
39,119.207702222362,18,"UT","NS","High"
40,122.920150011464,18,"UT","NS","High"
41,125.821279005968,18,"UT","NS","High"
42,131.542567069692,18,"UT","NS","High"
43,120.73609927644,18,"UT","NS","High"
44,123.57022436378,18,"UT","NS","High"
45,142.403983017772,18,"UT","NS","High"
46,126.44879142492,18,"UT","NS","High"
47,125.010024874639,18,"UT","NS","High"
48,113.262054997732,18,"UT","NS","High"
49,124.522848380978,18,"UT","NS","High"
50,123.229390774665,18,"UT","NS","High"
51,125.411633361525,18,"UT","NS","High"
52,121.396658869831,18,"UT","NS","High"
1,115.105474780458,19,"UT","S","High"
2,95.233810945439,19,"UT","S","High"
3,79.4839638768018,19,"UT","S","High"
4,112.945061184229,19,"UT","S","High"
5,131.392693012475,19,"UT","S","High"
6,100.120199056456,19,"UT","S","High"
7,69.3126683636901,19,"UT","S","High"
8,97.2433325717124,19,"UT","S","High"
9,121.737915734076,19,"UT","S","High"
10,105.829104033826,19,"UT","S","High"
11,79.0991417943935,19,"UT","S","High"
12,122.053445526655,19,"UT","S","High"
13,125.621859724653,19,"UT","S","High"
14,97.288444238084,19,"UT","S","High"
15,84.8699059417399,19,"UT","S","High"
16,99.9569793472527,19,"UT","S","High"
17,131.449245658203,19,"UT","S","High"
18,110.869068912719,19,"UT","S","High"
19,90.4447008930271,19,"UT","S","High"
20,97.0251339270063,19,"UT","S","High"
21,134.365690327765,19,"UT","S","High"
22,113.483600644333,19,"UT","S","High"
23,77.8311324199641,19,"UT","S","High"
24,119.642925117843,19,"UT","S","High"
25,141.273367032755,19,"UT","S","High"
26,131.396954889236,19,"UT","S","High"
27,92.0536238990058,19,"UT","S","High"
28,114.373868220144,19,"UT","S","High"
29,138.17268667266,19,"UT","S","High"
30,115.558129847203,19,"UT","S","High"
31,77.6122177972987,19,"UT","S","High"
32,102.630983530862,19,"UT","S","High"
33,139.17968826567,19,"UT","S","High"
34,112.351460955468,19,"UT","S","High"
35,94.4378922004594,19,"UT","S","High"
36,101.110333013916,19,"UT","S","High"
37,130.210413963786,19,"UT","S","High"
38,110.18813248849,19,"UT","S","High"
39,103.488465768482,19,"UT","S","High"
40,111.212079943279,19,"UT","S","High"
41,138.203888371388,19,"UT","S","High"
42,121.638990549392,19,"UT","S","High"
43,94.6180291053991,19,"UT","S","High"
44,123.171337429343,19,"UT","S","High"
45,165.440495856366,19,"UT","S","High"
46,114.003170629934,19,"UT","S","High"
47,96.3562428807216,19,"UT","S","High"
48,119.86592440205,19,"UT","S","High"
49,161.49916341466,19,"UT","S","High"
50,118.844120616878,19,"UT","S","High"
51,99.7433047697943,19,"UT","S","High"
52,132.297068914582,19,"UT","S","High"
1,112.131275712413,20,"UT","S","High"
2,114.241406525936,20,"UT","S","High"
3,86.606099323794,20,"UT","S","High"
4,93.4063471237572,20,"UT","S","High"
5,126.636622472462,20,"UT","S","High"
6,101.293542854135,20,"UT","S","High"
7,85.3058301759547,20,"UT","S","High"
8,103.280198423875,20,"UT","S","High"
9,133.964128294227,20,"UT","S","High"
10,94.1911969143734,20,"UT","S","High"
11,80.2190664224327,20,"UT","S","High"
12,104.006474577957,20,"UT","S","High"
13,119.833610201189,20,"UT","S","High"
14,98.6803596498705,20,"UT","S","High"
15,85.8561580753867,20,"UT","S","High"
16,106.942598937146,20,"UT","S","High"
17,109.805257801997,20,"UT","S","High"
18,117.324587645755,20,"UT","S","High"
19,89.5978058878815,20,"UT","S","High"
20,129.329658985187,20,"UT","S","High"
21,138.081585904409,20,"UT","S","High"
22,107.424325528304,20,"UT","S","High"
23,111.579129175665,20,"UT","S","High"
24,134.657808191324,20,"UT","S","High"
25,125.250305469679,20,"UT","S","High"
26,116.752255647643,20,"UT","S","High"
27,89.1100246509428,20,"UT","S","High"
28,115.496409172432,20,"UT","S","High"
29,139.220341828551,20,"UT","S","High"
30,104.904796297048,20,"UT","S","High"
31,94.6847166419405,20,"UT","S","High"
32,129.993978905134,20,"UT","S","High"
33,138.487279966922,20,"UT","S","High"
34,115.696586314412,20,"UT","S","High"
35,105.1885760507,20,"UT","S","High"
36,125.187169925464,20,"UT","S","High"
37,129.01204145295,20,"UT","S","High"
38,120.828455786098,20,"UT","S","High"
39,108.828377877422,20,"UT","S","High"
40,131.322210799353,20,"UT","S","High"
41,147.959612830514,20,"UT","S","High"
42,126.769766456903,20,"UT","S","High"
43,87.6245183024905,20,"UT","S","High"
44,124.401052535051,20,"UT","S","High"
45,139.364408518497,20,"UT","S","High"
46,119.335855455225,20,"UT","S","High"
47,106.284829470237,20,"UT","S","High"
48,114.904855106471,20,"UT","S","High"
49,151.535346006984,20,"UT","S","High"
50,128.426656315772,20,"UT","S","High"
51,100.839295758717,20,"UT","S","High"
52,140.577510574683,20,"UT","S","High"
1,91.321221371398,21,"DT","NS","High"
2,103.849042091485,21,"DT","NS","High"
3,97.7885554603947,21,"DT","NS","High"
4,95.9133420493286,21,"DT","NS","High"
5,101.212729870819,21,"DT","NS","High"
6,88.8367952745286,21,"DT","NS","High"
7,85.9923926678528,21,"DT","NS","High"
8,92.0441529961326,21,"DT","NS","High"
9,109.514057198044,21,"DT","NS","High"
10,95.4461181969002,21,"DT","NS","High"
11,97.1514751858231,21,"DT","NS","High"
12,92.4812268985797,21,"DT","NS","High"
13,97.2639418556306,21,"DT","NS","High"
14,85.3865636558628,21,"DT","NS","High"
15,101.763283732549,21,"DT","NS","High"
16,96.6776420819308,21,"DT","NS","High"
17,85.0483774184664,21,"DT","NS","High"
18,91.4364259664959,21,"DT","NS","High"
19,96.230652955993,21,"DT","NS","High"
20,94.4618478564368,21,"DT","NS","High"
21,101.355472127015,21,"DT","NS","High"
22,84.0960979608412,21,"DT","NS","High"
23,97.4290929239232,21,"DT","NS","High"
24,96.2923840795298,21,"DT","NS","High"
25,86.2001349447772,21,"DT","NS","High"
26,79.1925864574249,21,"DT","NS","High"
27,77.7868384729239,21,"DT","NS","High"
28,89.6622956635598,21,"DT","NS","High"
29,84.9309861302328,21,"DT","NS","High"
30,99.2328213348116,21,"DT","NS","High"
31,88.7811036839696,21,"DT","NS","High"
32,81.024440998692,21,"DT","NS","High"
33,75.2956620120231,21,"DT","NS","High"
34,78.340786603158,21,"DT","NS","High"
35,85.2431071431786,21,"DT","NS","High"
36,78.3925228235468,21,"DT","NS","High"
37,85.6138409618455,21,"DT","NS","High"
38,78.3252955826417,21,"DT","NS","High"
39,79.6555207296442,21,"DT","NS","High"
40,74.1559226175374,21,"DT","NS","High"
41,94.7403486792696,21,"DT","NS","High"
42,81.6609738517632,21,"DT","NS","High"
43,80.3450691239956,21,"DT","NS","High"
44,64.4651006809275,21,"DT","NS","High"
45,82.7783351963946,21,"DT","NS","High"
46,68.8110112889623,21,"DT","NS","High"
47,69.3678274051656,21,"DT","NS","High"
48,83.3467293681732,21,"DT","NS","High"
49,71.8783948279342,21,"DT","NS","High"
50,61.0130217599746,21,"DT","NS","High"
51,88.6592328791148,21,"DT","NS","High"
52,54.9807445968598,21,"DT","NS","High"
1,104.082492238877,22,"DT","NS","High"
2,107.137993992677,22,"DT","NS","High"
3,93.4522570667157,22,"DT","NS","High"
4,101.554296411292,22,"DT","NS","High"
5,101.013043107108,22,"DT","NS","High"
6,105.324985223316,22,"DT","NS","High"
7,100.37279510362,22,"DT","NS","High"
8,94.0409297672598,22,"DT","NS","High"
9,102.827936463522,22,"DT","NS","High"
10,101.404978852078,22,"DT","NS","High"
11,87.0074477269137,22,"DT","NS","High"
12,82.7937005280342,22,"DT","NS","High"
13,94.7822203199454,22,"DT","NS","High"
14,90.8083010017985,22,"DT","NS","High"
15,84.6156870995016,22,"DT","NS","High"
16,92.6714454361203,22,"DT","NS","High"
17,80.9400277881048,22,"DT","NS","High"
18,92.2898108106096,22,"DT","NS","High"
19,85.5005728996646,22,"DT","NS","High"
20,97.6573141935398,22,"DT","NS","High"
21,108.895913129292,22,"DT","NS","High"
22,81.6721660505057,22,"DT","NS","High"
23,96.9613133675438,22,"DT","NS","High"
24,94.6011978221463,22,"DT","NS","High"
25,86.9384462055571,22,"DT","NS","High"
26,83.3708290075439,22,"DT","NS","High"
27,99.1024616546999,22,"DT","NS","High"
28,69.95633745411,22,"DT","NS","High"
29,80.3544416672507,22,"DT","NS","High"
30,73.5052524507378,22,"DT","NS","High"
31,95.6625075115686,22,"DT","NS","High"
32,82.4743725388411,22,"DT","NS","High"
33,79.3026304042426,22,"DT","NS","High"
34,108.472355792531,22,"DT","NS","High"
35,82.099701856899,22,"DT","NS","High"
36,78.4500055050678,22,"DT","NS","High"
37,83.8989220010892,22,"DT","NS","High"
38,68.4526030339602,22,"DT","NS","High"
39,84.4224211413765,22,"DT","NS","High"
40,79.2306943913603,22,"DT","NS","High"
41,83.2482009802412,22,"DT","NS","High"
42,71.1410349124972,22,"DT","NS","High"
43,70.3161292628164,22,"DT","NS","High"
44,72.4526826937905,22,"DT","NS","High"
45,71.3560834152577,22,"DT","NS","High"
46,87.3923997334687,22,"DT","NS","High"
47,89.1331644944647,22,"DT","NS","High"
48,74.7448643756875,22,"DT","NS","High"
49,72.6285075153226,22,"DT","NS","High"
50,72.3676893566267,22,"DT","NS","High"
51,75.0538918228241,22,"DT","NS","High"
52,74.7752338696084,22,"DT","NS","High"
1,121.720275102125,23,"DT","S","High"
2,93.02656847163,23,"DT","S","High"
3,72.0248288894375,23,"DT","S","High"
4,107.576621309969,23,"DT","S","High"
5,112.610981111173,23,"DT","S","High"
6,99.4243655618036,23,"DT","S","High"
7,76.7442357295733,23,"DT","S","High"
8,88.3372048627946,23,"DT","S","High"
9,119.328495275292,23,"DT","S","High"
10,96.3848389879437,23,"DT","S","High"
11,86.7982668497001,23,"DT","S","High"
12,94.9396766770159,23,"DT","S","High"
13,109.547633934393,23,"DT","S","High"
14,95.2263593064429,23,"DT","S","High"
15,64.5152668077173,23,"DT","S","High"
16,85.3128475728512,23,"DT","S","High"
17,113.882186009115,23,"DT","S","High"
18,88.3350327902084,23,"DT","S","High"
19,71.8723124291803,23,"DT","S","High"
20,89.0782263246244,23,"DT","S","High"
21,102.195899049804,23,"DT","S","High"
22,72.8504907273407,23,"DT","S","High"
23,73.5906797614127,23,"DT","S","High"
24,94.0931160611748,23,"DT","S","High"
25,94.690270117199,23,"DT","S","High"
26,98.8592217476688,23,"DT","S","High"
27,72.2812385894979,23,"DT","S","High"
28,96.733122359951,23,"DT","S","High"
29,94.9426362300617,23,"DT","S","High"
30,86.3342503068341,23,"DT","S","High"
31,66.7998883284895,23,"DT","S","High"
32,90.1480594550542,23,"DT","S","High"
33,95.5931234566985,23,"DT","S","High"
34,82.9192186243803,23,"DT","S","High"
35,51.7707268100484,23,"DT","S","High"
36,75.779028457036,23,"DT","S","High"
37,98.8002710693209,23,"DT","S","High"
38,75.3494280608943,23,"DT","S","High"
39,64.0514441135082,23,"DT","S","High"
40,76.2565922085982,23,"DT","S","High"
41,100.255441089292,23,"DT","S","High"
42,88.3479064699965,23,"DT","S","High"
43,56.2199886975398,23,"DT","S","High"
44,75.543707531242,23,"DT","S","High"
45,104.518090066958,23,"DT","S","High"
46,59.4086139665304,23,"DT","S","High"
47,58.6412976660741,23,"DT","S","High"
48,92.5176342731467,23,"DT","S","High"
49,108.148720552514,23,"DT","S","High"
50,76.2527625868012,23,"DT","S","High"
51,52.6911283950909,23,"DT","S","High"
52,75.3236593559236,23,"DT","S","High"
1,114.177804832424,24,"DT","S","High"
2,110.622538258332,24,"DT","S","High"
3,72.3481387543756,24,"DT","S","High"
4,100.98329276167,24,"DT","S","High"
5,121.95880059655,24,"DT","S","High"
6,90.9399187144332,24,"DT","S","High"
7,84.0121974520495,24,"DT","S","High"
8,90.0165602326695,24,"DT","S","High"
9,119.641918637232,24,"DT","S","High"
10,103.773293064828,24,"DT","S","High"
11,67.6924566209344,24,"DT","S","High"
12,102.863960327837,24,"DT","S","High"
13,108.283737030301,24,"DT","S","High"
14,95.3548271074958,24,"DT","S","High"
15,75.6146997783102,24,"DT","S","High"
16,88.5824289092944,24,"DT","S","High"
17,111.944822959982,24,"DT","S","High"
18,81.1565525966093,24,"DT","S","High"
19,71.3109050225203,24,"DT","S","High"
20,96.6063266533213,24,"DT","S","High"
21,90.0070028061655,24,"DT","S","High"
22,77.096590501134,24,"DT","S","High"
23,61.5044995392242,24,"DT","S","High"
24,75.2872824468365,24,"DT","S","High"
25,108.356664314371,24,"DT","S","High"
26,79.0565732019519,24,"DT","S","High"
27,51.8836233173682,24,"DT","S","High"
28,80.8994498793564,24,"DT","S","High"
29,99.4749179882016,24,"DT","S","High"
30,91.854283790225,24,"DT","S","High"
31,58.7699829120094,24,"DT","S","High"
32,93.2903140459095,24,"DT","S","High"
33,103.386901725029,24,"DT","S","High"
34,85.8988172610843,24,"DT","S","High"
35,59.179794637484,24,"DT","S","High"
36,97.6293430391843,24,"DT","S","High"
37,96.4858333432228,24,"DT","S","High"
38,66.4008193265734,24,"DT","S","High"
39,62.76914822886,24,"DT","S","High"
40,64.5244474341436,24,"DT","S","High"
41,92.9159190737066,24,"DT","S","High"
42,75.622183974483,24,"DT","S","High"
43,68.2546375232273,24,"DT","S","High"
44,86.0759694858998,24,"DT","S","High"
45,87.1911602807908,24,"DT","S","High"
46,83.4488709470003,24,"DT","S","High"
47,72.5945848773501,24,"DT","S","High"
48,69.7268479612588,24,"DT","S","High"
49,85.3807650680053,24,"DT","S","High"
50,80.2062269052294,24,"DT","S","High"
51,61.0643837595515,24,"DT","S","High"
52,78.3901996835543,24,"DT","S","High"
